resmarker,locus
dhfr_16,Pf3D7_04_v3-748105-748359-1B
dhfr_51,Pf3D7_04_v3-748105-748359-1B
dhfr_59,Pf3D7_04_v3-748105-748359-1B
dhfr_108,Pf3D7_04_v3-748374-748611-1B
dhfr_164,Pf3D7_04_v3-748374-748611-1B
dhfr_185,Pf3D7_04_v3-748585-748822-2
mdr1_86,Pf3D7_05_v3-958079-958350-1B
mdr1_184,Pf3D7_05_v3-958372-958608-1B
mdr1_1034,Pf3D7_05_v3-960810-961048-1B
mdr1_1042,Pf3D7_05_v3-960810-961048-1B
mdr1_1246,Pf3D7_05_v3-961511-961758-1B
crt_72,Pf3D7_07_v3-403479-403716-1B
crt_72,Pf3D7_07_v3-403487-403750-2
crt_73,Pf3D7_07_v3-403479-403716-1B
crt_73,Pf3D7_07_v3-403487-403750-2
crt_74,Pf3D7_07_v3-403479-403716-1B
crt_74,Pf3D7_07_v3-403487-403750-2
crt_75,Pf3D7_07_v3-403479-403716-1B
crt_75,Pf3D7_07_v3-403487-403750-2
crt_76,Pf3D7_07_v3-403479-403716-1B
crt_76,Pf3D7_07_v3-403487-403750-2
crt_326,Pf3D7_07_v3-405334-405576-1B
dhps_436,Pf3D7_08_v3-549583-549807-1B
dhps_437,Pf3D7_08_v3-549583-549807-1B
dhps_540,Pf3D7_08_v3-549960-550215-1B
dhps_581,Pf3D7_08_v3-549960-550215-1B
dhps_581,Pf3D7_08_v3-550057-550318-2
dhps_613,Pf3D7_08_v3-549960-550215-1B
dhps_613,Pf3D7_08_v3-550057-550318-2
k13_675,Pf3D7_13_v3-1724895-1725166-1B
k13_622,Pf3D7_13_v3-1724895-1725166-1B
k13_622,Pf3D7_13_v3-1725124-1725365-2
k13_580,Pf3D7_13_v3-1725208-1725471-1B
k13_580,Pf3D7_13_v3-1725124-1725365-2
k13_574,Pf3D7_13_v3-1725208-1725471-1B
k13_574,Pf3D7_13_v3-1725124-1725365-2
k13_568,Pf3D7_13_v3-1725208-1725471-1B
k13_568,Pf3D7_13_v3-1725124-1725365-2
k13_561,Pf3D7_13_v3-1725208-1725471-1B
k13_561,Pf3D7_13_v3-1725124-1725365-2
k13_553,Pf3D7_13_v3-1725208-1725471-1B
k13_553,Pf3D7_13_v3-1725124-1725365-2
k13_543,Pf3D7_13_v3-1725208-1725471-1B
k13_539,Pf3D7_13_v3-1725208-1725471-1B
k13_539,Pf3D7_13_v3-1725379-1725652-2
k13_538,Pf3D7_13_v3-1725208-1725471-1B
k13_538,Pf3D7_13_v3-1725379-1725652-2
k13_537,Pf3D7_13_v3-1725208-1725471-1B
k13_537,Pf3D7_13_v3-1725379-1725652-2
k13_527,Pf3D7_13_v3-1725208-1725471-1B
k13_527,Pf3D7_13_v3-1725379-1725652-2
k13_515,Pf3D7_13_v3-1725208-1725471-1B
k13_515,Pf3D7_13_v3-1725379-1725652-2
k13_493,Pf3D7_13_v3-1725464-1725719-1B
k13_493,Pf3D7_13_v3-1725379-1725652-2
k13_481,Pf3D7_13_v3-1725464-1725719-1B
k13_481,Pf3D7_13_v3-1725379-1725652-2
k13_476,Pf3D7_13_v3-1725464-1725719-1B
k13_476,Pf3D7_13_v3-1725379-1725652-2
k13_469,Pf3D7_13_v3-1725464-1725719-1B
k13_469,Pf3D7_13_v3-1725379-1725652-2
k13_458,Pf3D7_13_v3-1725464-1725719-1B
k13_458,Pf3D7_13_v3-1725379-1725652-2
k13_449,Pf3D7_13_v3-1725464-1725719-1B
k13_446,Pf3D7_13_v3-1725464-1725719-1B
k13_441,Pf3D7_13_v3-1725464-1725719-1B
exo_415,Pf3D7_13_v3-2504481-2504734-1B
fd_193,Pf3D7_13_v3-748254-748510-1B
mdr2_484,Pf3D7_14_v3-1956056-1956330-1B
arps10_127,Pf3D7_14_v3-2481033-2481276-1B
k13_568,Pf3D7_13_v3-1725208-1725471-1B
dhps_431,Pf3D7_08_v3-549583-549807-1B
k13_662,Pf3D7_13_v3-1724895-1725166-1B
k13_661,Pf3D7_13_v3-1724895-1725166-1B
k13_659,Pf3D7_13_v3-1724895-1725166-1B
k13_656,Pf3D7_13_v3-1724895-1725166-1B
k13_641,Pf3D7_13_v3-1724895-1725166-1B
k13_631,Pf3D7_13_v3-1724895-1725166-1B
k13_578,Pf3D7_13_v3-1725208-1725471-1B
k13_553,Pf3D7_13_v3-1725208-1725471-1B
k13_546,Pf3D7_13_v3-1725208-1725471-1B
k13_544,Pf3D7_13_v3-1725208-1725471-1B
k13_537,Pf3D7_13_v3-1725208-1725471-1B
k13_520,Pf3D7_13_v3-1725208-1725471-1B
k13_494,Pf3D7_13_v3-1725464-1725719-1B
k13_485,Pf3D7_13_v3-1725464-1725719-1B
k13_483,Pf3D7_13_v3-1725464-1725719-1B
k13_480,Pf3D7_13_v3-1725464-1725719-1B
k13_454,Pf3D7_13_v3-1725464-1725719-1B
k13_442,Pf3D7_13_v3-1725464-1725719-1B
k13_607,Pf3D7_13_v3-1725124-1725365-2
k13_605,Pf3D7_13_v3-1725124-1725365-2
k13_599,Pf3D7_13_v3-1725124-1725365-2
k13_598,Pf3D7_13_v3-1725124-1725365-2
k13_597,Pf3D7_13_v3-1725124-1725365-2
k13_596,Pf3D7_13_v3-1725124-1725365-2
k13_578,Pf3D7_13_v3-1725124-1725365-2
k13_520,Pf3D7_13_v3-1725379-1725652-2
k13_494,Pf3D7_13_v3-1725379-1725652-2
k13_485,Pf3D7_13_v3-1725379-1725652-2
k13_483,Pf3D7_13_v3-1725379-1725652-2
k13_480,Pf3D7_13_v3-1725379-1725652-2
